Sample ID,Label,Time elapsed
0,7,708.8204276561737
1,NULL,379.83756017684937
2,NULL,375.56433749198914
3,0,566.9827537536621
4,NULL,378.6781723499298
5,1,559.8552346229553
6,4,559.5141415596008
7,NULL,374.0715892314911
8,5,562.0014705657959
9,NULL,373.9004137516022
