Sample ID,Label,Time elapsed
0,-1,0.5528340339660645
1,2,1.2007927894592285
2,1,1.2118549346923828
3,-1,0.4336075782775879
4,-1,0.4618570804595947
5,-1,0.45766162872314453
6,4,1.2073113918304443
7,9,1.2030653953552246
8,5,1.1928915977478027
9,-1,0.4506950378417969
10,-1,0.4482862949371338
11,6,1.205308198928833
12,-1,0.44710421562194824
13,-1,0.44922327995300293
14,1,1.2023053169250488
