Sample ID,Label,Time elapsed
0,-1,20.386005640029907
1,-1,12.387872457504272
2,-1,12.487857818603516
4,-1,37.27439570426941
5,-1,12.428455591201782
6,4,24.75493097305298
7,-1,12.517211675643921
8,5,25.17181944847107
9,-1,12.448951959609985
11,6,49.59714698791504
12,9,25.498868942260742
13,-1,12.59720754623413
14,1,25.037216901779175
