Sample ID,Label,Time elapsed
0,7,4.047410249710083
1,-1,1.658052682876587
2,-1,1.6331777572631836
3,-1,1.6156001091003418
4,4,3.5851175785064697
5,-1,1.6259779930114746
6,-1,1.6291255950927734
7,-1,1.6279065608978271
8,5,3.537759780883789
9,-1,1.6150879859924316
10,-1,1.623382329940796
11,6,3.578627824783325
12,-1,1.636613368988037
14,1,7.098055839538574
