Sample ID,Label,Time elapsed
0,-1,0.34192919731140137
1,-1,0.3068709373474121
2,1,0.8992245197296143
4,-1,1.1939170360565186
5,1,0.9128594398498535
6,4,0.8921613693237305
7,-1,0.30031347274780273
8,5,0.896554708480835
9,-1,0.30112671852111816
10,-1,0.30644774436950684
11,-1,0.3076355457305908
12,9,0.9017407894134521
14,1,1.7807142734527588
