Sample ID,Label,Time elapsed
0,7,139.83796167373657
1,2,101.5159010887146
2,1,102.0400002002716
3,-1,50.66914629936218
4,4,101.9347984790802
5,1,103.11727905273438
6,-1,51.05627965927124
7,-1,50.89848041534424
8,5,100.82794666290283
9,-1,50.53098917007446
11,-1,151.0018448829651
12,9,100.78736400604248
14,-1,152.94800353050232
