Sample ID,Label,Time elapsed
0,-1,4.528117656707764
1,-1,3.091452121734619
2,-1,3.08552622795105
4,4,12.883810997009277
5,1,6.435171127319336
6,-1,3.099813461303711
7,-1,3.1066670417785645
8,-1,3.0948779582977295
9,9,6.43431544303894
11,-1,9.498802185058594
12,-1,3.0920586585998535
13,-1,3.083970546722412
14,1,6.432318687438965
