Sample ID,Label,Time elapsed
0,7,0.72627854347229
1,-1,0.22758746147155762
2,1,0.719428539276123
3,-1,0.22759580612182617
4,-1,0.22739219665527344
5,1,0.7195608615875244
6,4,0.7203283309936523
7,9,0.7285439968109131
8,5,0.7203619480133057
9,9,0.7197959423065186
10,-1,0.2274765968322754
11,-1,0.22811341285705566
12,9,0.719118595123291
14,-1,0.9449267387390137
