Sample ID,Label,Time elapsed
0,7,14.398462295532227
1,-1,5.685994625091553
2,1,11.507790565490723
3,-1,5.707378387451172
4,4,11.52252459526062
5,1,11.51732873916626
6,4,11.52199935913086
7,9,11.514406442642212
8,5,11.522853136062622
9,9,11.503108024597168
10,-1,5.708724737167358
11,-1,5.683218240737915
12,9,11.493281126022339
13,-1,5.689769744873047
14,-1,5.6936352252960205
