Sample ID,Label,Time elapsed
0,-1,0.36957287788391113
1,-1,0.3503916263580322
2,1,0.9944133758544922
4,-1,1.338017463684082
5,1,1.0054118633270264
6,4,0.9840517044067383
7,-1,0.34784460067749023
8,5,0.9921829700469971
9,-1,0.34587764739990234
11,6,1.98478102684021
12,-1,0.346390962600708
13,-1,0.3530259132385254
14,1,0.9958689212799072
