Sample ID,Label,Time elapsed
0,-1,0.33768606185913086
1,2,0.8077874183654785
2,1,0.8157632350921631
4,-1,1.085339069366455
5,1,0.8296773433685303
6,4,0.82061767578125
7,-1,0.26518893241882324
8,5,0.8033297061920166
9,-1,0.26958489418029785
11,-1,1.0888710021972656
12,-1,0.27335071563720703
14,-1,1.073026180267334
