Sample ID,Label,Time elapsed
0,7,0.7673325538635254
1,-1,0.23454523086547852
2,1,0.7466421127319336
4,-1,0.976203441619873
5,1,0.7541830539703369
6,-1,0.23626947402954102
7,-1,0.23615360260009766
8,-1,0.23655200004577637
9,-1,0.2424790859222412
11,-1,0.9743833541870117
12,9,0.7394773960113525
14,1,1.4842886924743652
