Sample ID,Label,Time elapsed
0,-1,0.31135082244873047
1,-1,0.2264397144317627
2,1,0.7166619300842285
4,-1,0.943535566329956
5,-1,0.22639226913452148
6,4,0.7178347110748291
7,-1,0.22606778144836426
8,-1,0.22698044776916504
9,-1,0.23374128341674805
10,-1,0.22649312019348145
11,6,0.7168872356414795
12,-1,0.22561264038085938
14,-1,0.9426782131195068
