Sample ID,Label,Time elapsed
0,7,2.586622953414917
1,2,2.2971062660217285
2,1,2.317934989929199
4,4,4.593661546707153
5,1,2.292438507080078
6,4,2.2986347675323486
7,-1,0.9805123805999756
8,5,2.292839288711548
9,-1,0.9862256050109863
10,-1,0.990239143371582
11,-1,1.0002024173736572
12,9,2.3143508434295654
14,1,4.617607831954956
