Sample ID,Label,Time elapsed
0,7,1.587902545928955
1,-1,0.6040475368499756
2,1,1.5229747295379639
4,4,3.0375638008117676
5,1,1.517000436782837
6,4,1.4973571300506592
7,-1,0.5934746265411377
8,-1,0.5913877487182617
9,9,1.5099458694458008
11,-1,2.0955803394317627
12,9,1.5199713706970215
14,-1,2.1323163509368896
