Sample ID,Label,Time elapsed
0,7,64.7698814868927
1,2,48.367249965667725
2,1,50.365578413009644
4,4,97.9611222743988
5,-1,24.583033800125122
6,4,49.17272734642029
7,-1,25.285741806030273
8,-1,25.122270107269287
9,9,49.6949348449707
11,-1,72.97880244255066
12,9,50.15984845161438
14,-1,73.73594260215759
