Sample ID,Label,Time elapsed
0,7,0.8061556816101074
1,2,0.7826557159423828
2,1,0.7844228744506836
4,4,1.5741705894470215
5,1,0.7893919944763184
6,4,0.7749452590942383
7,4,0.7782931327819824
8,-1,0.2535107135772705
9,-1,0.25878429412841797
11,-1,1.0397038459777832
12,9,0.7883741855621338
14,1,1.555109977722168
