Sample ID,Label,Time elapsed
0,7,0.7397682666778564
1,2,0.732900857925415
2,1,0.7299728393554688
3,-1,0.23402023315429688
4,4,0.7327189445495605
5,1,0.7378597259521484
6,4,0.7319395542144775
7,-1,0.23035311698913574
8,5,0.731407642364502
9,9,0.730797290802002
10,-1,0.23068571090698242
12,9,1.4617257118225098
14,1,1.4619410037994385
