Sample ID,Label,Time elapsed
0,7,6.947507619857788
1,2,6.843461751937866
2,1,6.798415422439575
4,4,13.595964670181274
5,-1,2.1249823570251465
6,-1,2.1257240772247314
7,-1,2.1184675693511963
8,-1,2.118954658508301
9,-1,2.118708848953247
11,6,13.596267938613892
12,9,6.797127962112427
14,1,13.595323085784912
