Sample ID,Label,Time elapsed
0,-1,41.332744121551514
1,2,55.20796036720276
2,1,56.16838240623474
4,-1,81.43521499633789
5,1,55.056156873703
6,-1,26.587698459625244
7,-1,26.062480926513672
8,-1,26.591835260391235
9,-1,26.06107211112976
11,-1,81.88984298706055
12,9,55.078508615493774
13,-1,25.973340034484863
14,1,54.43780183792114
