Sample ID,Label,Time elapsed
0,7,6.962719202041626
1,-1,2.171137809753418
2,1,6.861408710479736
4,4,13.636316299438477
5,1,6.824299335479736
6,4,6.816208839416504
7,-1,2.1250696182250977
8,-1,2.1258351802825928
9,-1,2.1263463497161865
11,6,13.637380361557007
12,-1,2.1259615421295166
14,1,13.637322664260864
