Sample ID,Label,Time elapsed
0,-1,2.218897819519043
1,2,6.9077136516571045
2,-1,2.169022798538208
4,4,13.619111776351929
5,1,6.811939001083374
6,-1,2.1285696029663086
7,-1,2.1220901012420654
8,5,6.810184478759766
9,-1,2.1217379570007324
11,6,13.619476079940796
12,-1,2.1231038570404053
14,-1,8.931692361831665
