Sample ID,Label,Time elapsed
0,7,6.943769693374634
1,2,6.839609622955322
2,1,6.794338941574097
3,-1,2.1161234378814697
4,4,6.7946553230285645
5,1,6.7945849895477295
6,4,6.800976991653442
7,9,6.7931067943573
8,5,6.793858528137207
9,-1,2.1165120601654053
10,-1,2.117577075958252
11,6,6.794604539871216
12,9,6.7939417362213135
14,1,13.587252855300903
