Sample ID,Label,Time elapsed
0,7,13.91267442703247
1,-1,4.951404333114624
2,-1,4.846765518188477
4,4,25.029907703399658
5,1,12.433506488800049
6,-1,4.83115553855896
7,4,12.727133989334106
8,5,12.40606164932251
9,9,12.578162908554077
11,-1,17.55815362930298
12,9,12.525374412536621
14,1,24.95032286643982
