Sample ID,Label,Time elapsed
0,-1,2.2786171436309814
1,2,6.937156438827515
2,1,6.888033151626587
4,-1,8.999846458435059
5,1,6.876847267150879
6,-1,2.1439177989959717
7,-1,2.158937931060791
8,5,6.8712615966796875
9,-1,2.145172595977783
10,-1,2.1573641300201416
11,-1,2.157991409301758
12,-1,2.1583361625671387
14,1,13.725659132003784
