Sample ID,Label,Time elapsed
0,7,37.907641887664795
1,2,30.97487497329712
2,1,31.23783230781555
4,4,64.00754022598267
5,1,32.35139274597168
6,-1,14.207862854003906
7,-1,15.047404289245605
8,-1,14.125757694244385
9,9,31.008334636688232
10,-1,14.297761917114258
11,-1,14.159886360168457
12,9,31.463467836380005
14,-1,46.47499084472656
