Sample ID,Label,Time elapsed
0,7,7.406388282775879
1,-1,2.3977746963500977
2,-1,2.4716577529907227
4,4,14.971497297286987
5,1,7.532436370849609
6,-1,2.479130744934082
7,-1,2.6775267124176025
8,-1,2.5498251914978027
9,-1,2.509422540664673
10,-1,2.468951940536499
11,-1,2.5199787616729736
12,9,7.556375026702881
13,-1,2.4545114040374756
14,-1,2.5069446563720703
