Sample ID,Label,Time elapsed
0,-1,10.117042303085327
1,2,18.068411350250244
2,1,18.055068016052246
3,-1,7.94376802444458
4,-1,7.802597284317017
5,1,18.237269163131714
6,4,18.316561937332153
7,-1,7.747636079788208
8,5,18.30785894393921
9,-1,7.8857808113098145
11,6,36.1800856590271
12,9,18.159367084503174
13,-1,7.738646745681763
14,1,18.0516836643219
