Sample ID,Label,Time elapsed
0,-1,2.225580930709839
1,-1,2.1902995109558105
2,1,6.883461236953735
4,4,13.67801809310913
5,1,6.847257614135742
6,4,6.837671995162964
7,9,6.840419292449951
8,-1,2.1330678462982178
9,-1,2.171342372894287
11,6,13.689168930053711
12,-1,2.136229991912842
14,-1,8.978467464447021
