Sample ID,Label,Time elapsed
0,-1,2.3143301010131836
1,-1,2.234860420227051
2,1,7.155981063842773
3,-1,2.2780814170837402
4,-1,2.3700804710388184
5,1,7.258630037307739
6,4,7.147834539413452
7,9,7.197598695755005
8,5,7.187290668487549
9,7,7.144822835922241
11,6,14.777395248413086
12,-1,2.228881359100342
13,-1,2.3385775089263916
14,1,7.388399600982666
