Sample ID,Label,Time elapsed
0,7,8.635995149612427
1,2,8.527754545211792
2,1,8.505919694900513
3,-1,2.866278886795044
4,-1,2.888969659805298
5,1,8.70549750328064
6,4,8.518047332763672
7,4,8.722136497497559
8,-1,2.9020848274230957
9,9,8.45061182975769
11,6,16.978058099746704
12,9,8.396457433700562
14,1,16.876515865325928
