Sample ID,Label,Time elapsed
0,-1,2.2971901893615723
1,2,7.010828018188477
2,-1,2.1890549659729004
4,4,14.020513534545898
5,1,6.986328840255737
6,4,6.964596748352051
7,-1,2.188936233520508
8,5,7.029852628707886
9,7,7.00803542137146
10,-1,2.1889209747314453
11,-1,2.2356247901916504
12,-1,2.235625743865967
14,1,14.019323825836182
