Sample ID,Label,Time elapsed
0,-1,3.693120002746582
1,2,9.907994747161865
2,1,9.64526891708374
4,-1,13.42166018486023
5,1,9.815770387649536
6,4,9.791704654693604
7,-1,3.4294984340667725
8,-1,3.459254503250122
9,9,9.648631811141968
11,6,19.599819660186768
12,9,9.563376665115356
14,1,19.305296897888184
