Sample ID,Label,Time elapsed
0,7,146.92156195640564
1,2,107.23351287841797
2,-1,53.475218057632446
3,-1,53.965625524520874
4,4,110.55252814292908
5,1,108.58530187606812
6,-1,54.27886509895325
7,-1,52.96279048919678
8,-1,53.52769875526428
9,-1,53.322587728500366
11,6,213.7471489906311
12,9,108.64430236816406
13,-1,53.146379470825195
14,-1,53.90822696685791
