Sample ID,Label,Time elapsed
0,7,7.940839052200317
1,-1,2.5450947284698486
2,1,8.106322050094604
4,4,15.805447578430176
5,-1,2.7255587577819824
6,-1,2.6945576667785645
7,-1,2.6085915565490723
8,-1,2.6471054553985596
9,-1,2.6441903114318848
10,-1,2.864529609680176
11,6,8.290034055709839
12,-1,2.6874001026153564
14,-1,10.94973635673523
