Sample ID,Label,Time elapsed
0,NULL,1135.4610464572906
1,2,1195.4995667934418
2,NULL,807.3044896125793
3,NULL,806.3123676776886
4,4,1197.5316097736359
5,NULL,806.2519912719727
6,4,1197.6440308094025
7,NULL,806.4672784805298
8,5,1196.4804124832153
9,9,1197.5981352329254
