Sample ID,Label,Time elapsed
0,7,79.4959442615509
1,NULL,41.21582531929016
2,1,63.71626925468445
3,0,64.11083316802979
4,NULL,41.41335487365723
5,1,64.76471018791199
6,NULL,42.307581186294556
7,9,64.5293493270874
8,5,63.75348448753357
9,NULL,40.88783884048462
