Sample ID,Label,Time elapsed
0,7,159.1338574886322
1,2,129.38108015060425
2,1,132.43311858177185
3,0,131.01353907585144
4,4,132.6099350452423
5,1,130.40777254104614
6,NULL,85.36449861526489
7,NULL,86.9757297039032
8,5,131.84149384498596
9,NULL,85.17806792259216
