Sample ID,Label,Time elapsed
0,NULL,263.3193027973175
1,NULL,187.29773592948914
2,NULL,192.6230309009552
3,0,291.8703832626343
4,4,282.857595205307
5,NULL,186.82524394989014
6,NULL,188.70660376548767
7,NULL,194.49761486053467
8,NULL,189.96851563453674
9,9,279.90678668022156
