Sample ID,Label,Time elapsed
0,NULL,26.132341861724854
1,NULL,20.048346996307373
2,1,31.398363828659058
3,0,31.43745994567871
4,4,31.537014484405518
5,NULL,19.95641779899597
6,4,32.19617557525635
7,NULL,20.416778564453125
8,5,32.05080223083496
9,NULL,18.953912258148193
