Sample ID,Label,Time elapsed
0,7,27.67952299118042
1,-1,8.433560132980347
2,-1,8.435517311096191
4,4,54.196808099746704
5,1,27.0958514213562
6,4,27.090986251831055
7,-1,8.434737205505371
8,-1,8.44096827507019
9,9,27.088170528411865
10,-1,8.439016580581665
11,6,27.096920013427734
12,9,27.094261646270752
14,-1,35.5296790599823
