Sample ID,Label,Time elapsed
0,-1,8.816854476928711
1,2,27.2477445602417
2,1,27.049571752548218
4,-1,35.46865773200989
5,-1,8.612491846084595
6,-1,8.420324325561523
7,6,27.05147910118103
8,-1,8.42380404472351
9,9,27.051284790039062
10,-1,8.417735815048218
11,6,27.050843477249146
12,-1,8.417001485824585
14,-1,35.469157457351685
