Sample ID,Label,Time elapsed
0,-1,98.69800329208374
1,2,130.78126049041748
2,1,130.00331735610962
4,4,260.30303025245667
5,1,128.9052016735077
6,4,129.84836053848267
7,4,128.70613026618958
8,-1,59.80019569396973
9,-1,61.10391640663147
11,6,261.43409538269043
12,-1,62.12890148162842
14,-1,190.97072219848633
