Sample ID,Label,Time elapsed
0,-1,9.305264711380005
1,-1,9.10351014137268
2,-1,9.110105514526367
4,4,56.48795819282532
5,1,28.530638933181763
6,4,28.264171600341797
7,9,28.27479863166809
8,5,28.541808128356934
9,-1,8.782555103302002
11,-1,37.17656207084656
12,-1,9.101113080978394
13,-1,9.138432025909424
14,-1,9.177465915679932
