Sample ID,Label,Time elapsed
0,-1,47.574737787246704
1,2,75.17435789108276
2,1,75.91245007514954
4,4,151.60322189331055
5,1,75.82448649406433
6,4,77.26703476905823
7,9,76.66273713111877
8,-1,33.06035113334656
9,-1,34.125630140304565
11,6,152.87837052345276
12,9,75.79225754737854
14,-1,107.84721088409424
