Sample ID,Label,Time elapsed
0,7,27.944851398468018
1,-1,8.64043140411377
2,1,27.58236861228943
3,-1,8.640176057815552
4,4,27.605698823928833
5,1,27.53945279121399
6,4,27.539422750473022
7,-1,8.642232179641724
8,5,27.733507871627808
9,-1,8.641424417495728
10,-1,8.8353431224823
11,-1,8.681554555892944
12,-1,8.720817804336548
14,1,55.2979474067688
