Sample ID,Label,Time elapsed
0,-1,8.817902326583862
1,-1,8.617197036743164
2,-1,8.613844633102417
3,-1,8.42155933380127
4,4,27.054357051849365
5,1,27.052295923233032
6,-1,8.420986652374268
7,9,27.053170680999756
8,-1,8.428758144378662
9,-1,8.427848100662231
11,-1,35.474321365356445
12,-1,8.419250011444092
14,1,54.10330867767334
