Sample ID,Label,Time elapsed
0,7,29.437227725982666
1,2,30.048691987991333
2,-1,10.313501119613647
4,4,60.5086555480957
5,-1,9.885971546173096
6,-1,10.139110803604126
7,4,30.198040008544922
8,5,30.284110069274902
9,-1,9.918020486831665
11,-1,40.524181604385376
12,9,30.069111347198486
13,-1,10.291332006454468
14,1,30.221131801605225
