Sample ID,Label,Time elapsed
0,7,31.441627502441406
1,2,31.478176832199097
2,1,31.767123222351074
4,-1,42.70257067680359
5,-1,11.331117153167725
6,-1,10.90889286994934
7,-1,10.95054292678833
8,5,31.547043323516846
9,9,31.735837936401367
11,-1,42.94114685058594
12,9,31.98118805885315
14,1,63.10102319717407
