Sample ID,Label,Time elapsed
0,7,27.662760496139526
1,2,27.06418466567993
2,1,27.063949584960938
3,-1,8.42607069015503
4,-1,8.617134809494019
5,-1,8.42349624633789
6,-1,8.431859970092773
7,9,27.06296396255493
8,5,27.06573176383972
9,9,27.060795545578003
11,6,54.13323450088501
12,9,27.063965559005737
14,1,54.12671780586243
