Sample ID,Label,Time elapsed
0,7,27.889328956604004
1,-1,8.63094425201416
2,1,27.1229727268219
4,4,54.21877980232239
5,1,27.11662006378174
6,4,27.108826398849487
7,-1,8.449102640151978
8,5,27.12416386604309
9,9,27.109395742416382
11,-1,35.55405306816101
12,-1,8.455697059631348
13,-1,8.457950830459595
14,-1,8.45616602897644
