Sample ID,Label,Time elapsed
0,-1,16.300556659698486
1,2,40.437522411346436
2,1,40.066049337387085
4,4,79.98087620735168
5,1,40.094064712524414
6,-1,15.452694416046143
7,-1,15.381921768188477
8,-1,15.71159052848816
9,-1,15.483470678329468
10,-1,15.633079051971436
11,-1,15.665318250656128
12,9,40.212597370147705
14,1,80.01773929595947
