Sample ID,Label,Time elapsed
0,-1,9.36128044128418
1,2,28.15034532546997
2,1,28.624494791030884
4,4,57.600168228149414
5,1,28.858158588409424
6,-1,9.626975297927856
7,-1,9.542097330093384
8,-1,9.381318092346191
9,9,29.192617177963257
11,6,57.13927435874939
12,9,29.200450897216797
13,-1,9.552743434906006
14,1,28.993050813674927
