Sample ID,Label,Time elapsed
0,7,27.661003828048706
1,-1,8.62228536605835
2,1,27.074737548828125
3,-1,8.429354190826416
4,-1,8.430565357208252
5,1,27.07027840614319
6,4,27.077234029769897
7,-1,8.428194761276245
8,5,27.067426443099976
9,9,27.07041573524475
10,-1,8.426689386367798
11,6,27.06893825531006
12,-1,8.427864789962769
13,-1,8.426981925964355
14,1,27.074458837509155
