Sample ID,Label,Time elapsed
0,7,34.97378730773926
1,-1,12.97844409942627
2,1,35.21056389808655
4,4,69.66692447662354
5,-1,12.93002200126648
6,-1,12.779643774032593
7,-1,13.192771673202515
8,5,35.30433464050293
9,-1,12.675839185714722
11,-1,47.93594932556152
12,9,35.24181532859802
14,-1,47.55965995788574
