Sample ID,Label,Time elapsed
0,7,58.04427409172058
1,2,52.48093605041504
2,1,52.381654024124146
4,-1,73.4201169013977
5,1,52.79250407218933
6,4,52.22964954376221
7,9,53.08378458023071
8,5,52.35106039047241
9,-1,21.7615909576416
11,6,105.73515510559082
12,-1,21.520686864852905
14,-1,74.56839871406555
