Sample ID,Label,Time elapsed
0,7,27.996717929840088
1,-1,9.043813705444336
2,1,28.14608931541443
4,4,55.928505420684814
5,1,27.974671363830566
6,-1,9.045252799987793
7,-1,9.047862768173218
8,-1,9.088173627853394
9,-1,9.047921895980835
11,-1,36.86203598976135
12,-1,9.044935941696167
13,-1,9.082387924194336
14,-1,9.079582452774048
